鯖,日時,天上,地下,悪魔
g,2026/07/30 00:05,216,22,3
g,2026/08/05 01:06,427,39,9
g,2026/08/06 00:55,460,45,9
g,2026/08/10 21:03,634,58,23
g,2026/08/13 02:06,704,73,31
g,2026/08/14 04:23,749,78,34
g,2026/08/18 02:15,898,100,37
g,2026/08/20 07:03,938,110,39
g,2026/08/21 08:13,964,114,39
g,2026/08/23 14:49,1066,125,48
g,2026/08/24 21:28,1093,134,49
g,2026/08/27 00:56,1145,139,52
g,2026/08/28 00:35,1162,147,55
g,2026/08/29 03:15,1189,151,56
g,2026/08/31 00:50,1263,165,59
g,2026/09/03 01:27,1323,185,61
g,2026/09/09 01:07,1479,213,70
g,2026/09/12 13:44,1546,235,74
g,2026/09/15 01:02,1596,251,75
